<annotation>
    <folder>VOC</folder>
    <filename>VOCdevkit\VOC2007/JPEGImages\1021.jpg</filename>
    <source>
        <database>My Database</database>
        <annotation>COCO</annotation>
        <image>flickr</image>
        <flickrid>NULL</flickrid>
    </source>
    <owner>
        <flickrid>NULL</flickrid>
        <name>company</name>
    </owner>
    <size>
        <width>600</width>
        <height>600</height>
        <depth>3</depth>
    </size>
    <segmented>0</segmented>
    <object>
        <name>Anomaly</name>
        <pose>Unspecified</pose>
        <truncated>0</truncated>
        <difficult>0</difficult>
        <bndbox>
            <xmin>365</xmin>
            <ymin>172</ymin>
            <xmax>429</xmax>
            <ymax>222</ymax>
        </bndbox>
    </object>
</annotation>
